num,name,type,epoch,a,e,inc,w,omega,m,H,G,mass,axisRA,axisDec,thetaDot,info,wiki,wikipic,texture,radius
1,Ceres,2,58600,2.7691651,0.07600903,10.59407,73.59769,80.30553,77.3720975,3.4,0.12,,291.42744,66.76033,34777395.6185524,Dwarf planet,Ceres_(dwarf_planet),thumb/7/76/Ceres_-_RC3_-_Haulani_Crater_%2822381131691%29_%28cropped%29.jpg/330px-Ceres_-_RC3_-_Haulani_Crater_%2822381131691%29_%28cropped%29.jpg,1k_ceres.jpg,469.7
2,Pallas,2,59000,2.7738414,0.22997226,34.83293,310.20239,173.02474,144.9756755,4.2,0.11,,0,90,40390109.0462295,Main belt asteroid,2_Pallas,d/d4/Potw1749a_Pallas_crop.png,,256
3,Juno,2,59000,2.6682853,0.25693643,12.99104,248.06619,169.85148,125.4353546,5.33,0.32,,0,90,43769209.4313454,Main belt asteroid,3_Juno,thumb/2/21/Juno_4_wavelengths.jpg/375px-Juno_4_wavelengths.jpg,,123.5
4,Vesta,2,58600,2.3614179,0.08872146,7.14177,150.72854,103.8108,95.8619377,3,0.32,,316,48,59074503.931112,Main belt asteroid,4_Vesta,thumb/5/51/Vesta_in_natural_color.jpg/390px-Vesta_in_natural_color.jpg,,262.7
7,Iris,2,59000,2.3873753,0.23014504,5.5216,145.20155,259.56394,247.4258116,5.6,0.15,,0,90,44205482.5971099,Main belt asteroid,7_Iris,thumb/2/2d/Iris_asteroid_eso.jpg/375px-Iris_asteroid_eso.jpg,,107
10,Hygiea,2,59000,3.1424354,0.11211732,3.83179,312.41293,283.19845,222.8505433,5.5,0.15,,0,90,22825499.6712618,Main belt asteroid,10_Hygiea,thumb/8/88/SPHERE_image_of_Hygiea.jpg/398px-SPHERE_image_of_Hygiea.jpg,,217
13,Egeria,2,59000,2.5760639,0.0852831,16.53553,80.41453,43.22102,283.0026047,6.8,0.15,,0,90,44794322.2143364,Main belt asteroid,13_Egeria,thumb/b/b2/13Egeria_%28Lightcurve_Inversion%29.png/398px-13Egeria_%28Lightcurve_Inversion%29.png,,107
15,Eunomia,2,59000,2.6436897,0.1861777,11.75362,98.59525,292.9348,15.0256093,5.2,0.23,,0,90,51878349.4986027,Main belt asteroid,15_Eunomia,thumb/8/8f/15Eunomia_%28Lightcurve_Inversion%29.png/398px-15Eunomia_%28Lightcurve_Inversion%29.png,,134
16,Psyche,2,59000,2.9227756,0.13353121,3.09656,229.02682,150.04068,7.0485211,5.9,0.2,,0,90,75209702.3128028,Main belt asteroid,16_Psyche,5/5c/Psyche_asteroid_eso_crop.jpg,,112.5
22,Kalliope,3,59000,2.9103475,0.09804976,13.70174,357.25648,66.00465,274.6358434,6.5,0.21,0.08,0,90,,,,,,
31,Euphrosyne,2,59000,3.1581003,0.21994209,26.28,61.62383,31.09093,157.3707675,6.8,0.15,0.017,0,90,57070364.1044236,Main belt asteroid,31_Euphrosyne,thumb/2/22/A643.M1067.shape.png/398px-A643.M1067.shape.png,,134
41,Daphne,3,59000,2.7612863,0.27503229,15.78819,45.93173,178.07248,220.2537877,7.4,0.1,0.068,0,90,,,,,,
45,Eugenia,3,59000,2.7192698,0.08416452,6.60558,87.79615,147.6002,126.6509963,7.5,0.07,0.0569,0,90,,,,,,
48,Doris,2,59000,3.109515,0.07226357,6.54793,252.84149,183.55263,141.5085456,7.1,0.15,,0,90,26541295.2060555,Main belt asteroid,48_Doris,thumb/d/d4/A570.M936.shape.png/398px-A570.M936.shape.png,,108
52,Europa,2,59000,3.0942494,0.11044197,7.47847,343.36646,128.60069,309.8657103,6.4,0.18,,0,90,56024712.398807,Main belt asteroid,52_Europa,thumb/6/6a/52_Europa_Lightcurve_Inversion.png/398px-52_Europa_Lightcurve_Inversion.png,,152
87,Sylvia,1,59000,3.4820707,0.09340362,10.87599,263.58973,73.04064,153.4227022,6.8,0.15,0.144,14.3,83.5,60879204.235169,Cybele asteroid,87_Sylvia,thumb/5/52/CMSylvia.png/368px-CMSylvia.png,,143
88,Thisbe,2,59000,2.7700078,0.16175338,5.21402,36.345,276.45973,134.5304348,7.2,0.14,,0,90,52247682.1192053,Main belt asteroid,88_Thisbe,thumb/1/1c/88Thisbe_%28Lightcurve_Inversion%29.png/398px-88Thisbe_%28Lightcurve_Inversion%29.png,,102
90,Antiope,3,59000,3.1487256,0.16649951,2.20675,244.94199,69.96054,215.635544,8.1,0.15,0.0042,0,90,,,,,,
107,Camilla,3,59000,3.4905929,0.06510885,10.00145,306.39701,172.58264,27.1200753,7.1,0.08,0.112,0,90,,,,,,
121,Hermione,3,59000,3.4615675,0.1298387,7.58441,296.87402,73.11273,281.2343021,7.3,0.15,0.0053,0,90,,,,,,
130,Elektra,3,59000,3.1252644,0.20890894,22.78069,237.52046,145.01301,17.2230931,7.1,0.15,0.066,0,90,,,,,,
243,Ida,2,59000,2.8608385,0.04326773,1.13024,114.09466,323.63108,320.8397555,9.9,0.15,0.0042,168.76,2.88,68158963.2829374,Main belt asteroid,243_Ida,thumb/7/79/243_Ida_-_August_1993_%2816366655925%29.jpg/450px-243_Ida_-_August_1993_%2816366655925%29.jpg,,15.7
433,Eros,2,59000,1.4580457,0.22295126,10.83054,178.8823,304.29933,271.0717326,10.4,0.46,,0,90,59881593.9278937,Amor asteroid,433_Eros,thumb/e/e5/Eros_-_PIA02923_%28color%29.jpg/375px-Eros_-_PIA02923_%28color%29.jpg,,8.42
511,Davida,2,59000,3.1647572,0.18814652,15.93904,337.35759,107.59535,44.0840754,6.3,0.16,,0,90,61515789.4736842,Main belt asteroid,511_Davida,f/f9/511_Davida_dettaglio.png,,145.2
532,Herculina,2,59000,2.7746428,0.17577981,16.31595,76.50307,107.52987,69.3890694,5.9,0.26,,0,90,33554066.9856459,Main belt asteroid,532_Herculina,thumb/9/94/532Herculina_%28Lightcurve_Inversion%29.png/398px-532Herculina_%28Lightcurve_Inversion%29.png,,111
624,Hektor,1,59000,5.2622597,0.02279653,18.1577,184.2439,342.79103,202.5084853,7.3,0.15,0.079,0,90,45600173.3978759,Trojan asteroid,624_Hektor,,,125
704,Interamnia,2,59000,3.056687,0.1550201,17.31016,94.87291,280.28671,174.4596292,6.4,-0.02,,0,90,36221743.5140243,Main belt asteroid,704_Interamnia,thumb/2/24/SPHERE_image_of_Interamnia.jpg/375px-SPHERE_image_of_Interamnia.jpg,,166
854,Frostia,3,59000,2.3688298,0.17374373,6.08631,84.21196,190.58346,147.2487902,11.9,0.15,0.00001,0,90,,,,,,
951,Gaspra,2,59000,2.2092378,0.17384991,4.10699,129.92059,253.05233,172.9363571,11.5,0.15,,10,27,44813405.2825902,Main belt asteroid,951_Gaspra,thumb/8/81/951_Gaspra.jpg/420px-951_Gaspra.jpg,,6.266
1566,Icarus,2,59000,1.0781689,0.82702135,22.82211,31.39334,87.99755,192.0831792,16.9,0.15,,0,90,139118321.283724,Apollo asteroid,1566_Icarus,6/66/Icarus_Goldstone_radar_Jun17.jpg,,0.73
2060,Chiron,2,59000,13.6857064,0.37878367,6.93955,339.81026,209.24244,172.8369428,5.8,0.15,,0,90,45056539.1205026,Centaur asteroid,2060_Chiron,thumb/9/94/2060_Chiron.jpg/375px-2060_Chiron.jpg,,108
4179,Toutatis,2,59000,2.545398,0.62424864,0.44795,277.98992,125.19941,311.2833559,15.2,0.1,,0,90,1793045.45454545,Main belt asteroid,4179_Toutatis,,,1.516
5145,Pholus,2,59000,20.3759391,0.5692573,24.6127,354.91915,119.44531,112.7149033,7.1,0.15,,0,90,31620841.6833667,Centaur asteroid,5145_Pholus,,,49.5
7066,Nessus,2,59000,24.6679678,0.51755488,15.64995,171.05037,31.24572,83.2081204,9.6,0.15,,0,90,315576000,Centaur asteroid,7066_Nessus,a/ae/7066_Nessus_Hubble.jpg,,28
10199,Chariklo,1,59000,15.8429597,0.169256,23.34972,243.38554,300.43556,93.1180963,6.7,0.15,,0,90,53324771.8823927,Ringed Centaur asteroid,10199_Chariklo,thumb/1/1c/10199_Chariklo.jpg/375px-10199_Chariklo.jpg,,2.5
19551,Chaos,2,59000,45.4743596,0.09838067,12.04652,57.58585,50.00632,342.8028312,4.8,0.15,,0,90,3299623.58845671,Possible dwarf planet,19521_Chaos,thumb/4/4b/19521_chaos_hst.jpg/375px-19521_chaos_hst.jpg,,300
20000,Varuna,2,59000,42.7173019,0.05616403,17.22129,262.2052,97.37195,119.1375472,3.6,0.15,,0,90,49747366.3103375,Possible dwarf planet,20000_Varuna,9/91/20000-varuna_hst.jpg,,334
28978,Ixion,2,59000,39.8176879,0.24503053,19.5888,298.17258,70.99934,288.8648255,3.6,0.15,,0,90,25449677.4193548,Possible dwarf planet,28978_Ixion,thumb/0/08/28978-ixion_hst.jpg/375px-28978-ixion_hst.jpg,,308.5
38628,Huya,1,59000,39.7640216,0.28201106,15.47299,68.45352,169.39115,7.2577404,4.8,0.15,0.5,0,90,59768181.8181818,Possible dwarf planet,38628_Huya,7/7f/Huya_Hubble.png,,203
,Quaoar,2,59000,43.6950549,0.04105372,7.98951,147.45128,188.92726,301.1317699,2.4,0.15,14,0,90,35701065.6831912,Dwarf planet (MPD 50000),50000_Quaoar,a/ae/Quaoar_PRC2002-17e.jpg,,763
,Sedna,2,59000,484.547637,0.84261742,11.93069,311.34843,144.24766,358.1177059,1.3,0.15,,0,90,31557600,Dwarf planet (MPD 90377),90377_Sedna,0/02/Sedna_PRC2004-14d.jpg,,498
,Orcus,1,59000,39.174347,0.22701085,20.59232,72.31084,268.79923,181.7342289,2.2,0.15,6.348,0,90,315576000,Dwarf planet (MPD 90482),90482_Orcus,thumb/2/2b/Orcus-Vanth_10801.jpg/375px-Orcus-Vanth_10801.jpg,,458
99942,Apophis,2,59000,0.9225707,0.19147473,3.33686,126.68696,204.04839,248.1482869,19.7,0.25,,0,90,10380789.4736842,Near-Earth asteroid,99942_Apophis,thumb/d/df/99942_Apophis_shape.png/375px-99942_Apophis_shape.png,,0.162
101955,Bennu,1,55562,1.126391,0.20374511,6.03494,66.22307,2.06087,101.7039479,20.19,-0.08,,85.65,-60.17,73457125.918022,Apollo asteroid,101955_Bennu,thumb/3/32/BennuAsteroid.jpg/375px-BennuAsteroid.jpg,,262.5
120347,Salacia,1,59000,42.1850084,0.10636627,23.92085,312.30909,279.87985,123.11977,4.1,0.15,4.822,0,90,51818719.2118227,Possible dwarf planet,120347_Salacia,0/00/Salacia_Hubble.png,,423
,Haumea,1,59000,43.1822221,0.19488623,28.21354,238.7794,122.1628,217.7721536,0.2,0.15,40,282.6,13,80599876.2304484,Dwarf planet (MPD 136108),136108_Haumea,2/2b/Haumea_Hubble.png,1k_haumea_fictional.jpg,760
,Eris,1,59000,67.8642709,0.43604865,44.03931,151.64367,35.95083,205.9780077,-1.1,0.15,164.66,0,90,12184401.5444015,Dwarf planet (MPD 136199),136199_Eris,thumb/5/5b/Eris_and_dysnomia2.jpg/330px-Eris_and_dysnomia2.jpg,1k_eris_fictional.jpg,1163
,Makemake,1,59000,45.4307018,0.16125007,28.98347,294.83501,79.61944,165.5122231,-0.1,0.15,31,0,90,13824923.5540992,Dwarf planet (MPD 163472),136472_Makemake,thumb/2/29/Makemake_and_its_moon.jpg/330px-Makemake_and_its_moon.jpg,1k_makemake_fictional.jpg,715
162173,Ryugu,2,59000,1.1896796,0.19030117,5.88193,211.48532,251.57833,193.6376474,19.3,0.15,,0,90,41376163.629212,Apollo asteroid,162173_Ryugu,thumb/d/de/Ryugu_colored.jpg/330px-Ryugu_colored.jpg,,0.4325
174567,Varda,1,59000,46.110349,0.14315232,21.5114,180.07164,184.1507,275.207755,3.4,0.15,2.45,0,90,56252406.4171123,Possible dwarf planet,174567_Varda,4/40/Varda.gif,,373
,Gonggong,2,59000,67.4735756,0.50051766,30.6566,207.67156,336.85389,106.0046466,1.6,0.15,17.5,0,90,56252406.4171123,Dwarf planet (MPD 225088),225088_Gonggong,thumb/9/95/2007_OR10_and_its_moon.png/375px-2007_OR10_and_its_moon.png,,615
471143,Dziewanna,2,59000,70.3213981,0.53790382,29.47724,284.53526,346.27443,348.7661562,3.9,0.15,,0,90,44635926.4497878,Possible dwarf planet,471143_Dziewanna,,,235
486958,Arrokoth,2,58600,44.6736039,0.05230625,2.44794,181.48456,159.1041,316.551,11.1,0.15,,317.5,24.89,19800225.8752667,Kuiper Belt object,486958_Arrokoth,thumb/0/09/UltimaThule_CA06_color_vertical_%28rotated%29.png/375px-UltimaThule_CA06_color_vertical_%28rotated%29.png,,15
,2018 VG18,2,59000.5,81.336,0.53531,24.403,16.753,245.363,158.009,3.5,0.15,,0,90,,Kuiper Belt object,2018_VG18,,,
,2018 AG37,2,58538.5,86,0.685,18.71,250.52,68.53,117.87,4.185,0.15,,0,90,,Kuiper Belt object,2018_AG37,,,
,2021 DR15,2,59600,67.171,0.4369,30.691,21.846,334.122,334.122,3.61,0.15,,0,90,,Kuiper Belt object,2021_DR15,,,
589683,2010 RF43,2,59000,49.692,0.2457,30.638,193.48,25.32,97.52,3.9,0.15,,0,90,,Kuiper Belt object,(589683)_2010_RF43,,,


1000036,Halley,,2439907.5,17.93,0.9679,162.20,112.21,59.07,274.81,,,
1000025,Encke,,2459766.5,2.22,0.8484,11.48,187.03,334.29,219.12,,,
1000504,Biela,,2390520.5,3.535,0.7513,13.22,221.66,250.67,0.95,,,
1000505,Brorsen,,2407440.5,3.101,0.8098,29.38,14.95,102.97,0.17,,,
1000069,Pons-Winnecke,,2457137.5,3.419,0.6376,22.33,172.51,93.42,13.17,,,
1000099,Tuttle,,2454701.5,5.7,0.8198,54.98,207.51,270.34,15.13,,,
1000068,Pons-Brooks,,2460209.5,17.18,0.9546,74.19,198.99,255.86,357.07,,,
1000066,Olbers,,2458928.5,16.66,0.9298,44.63,64.58,85.84,337.34,,,
1000027,Finlay,,2457327.5,3.49,0.7202,6.80,347.63,13.75,46.69,,,
1000144,Perrine-Mrkos,,2440240.5,3.56,0.6426,17.76,166.05,240.88,11.51,,,
1000212,Westphal,,2420080.5,15.64,0.9198,40.89,57.08,348.01,359.72,,,
1000032,Giacobini-Zinner,,2458065.5,3.5,0.7105,32.00,172.81,195.40,313.91,,,
1000009,Brorsen-Metcalf,,2447800.5,17.07,0.9720,19.33,129.61,311.59,0.27,,,
1000077,Schaumasse,,2457350.5,4.086,0.7048,11.73,58.00,79.67,273.65,,,
1000034,Grigg-Skjellerup,,2455951.5,3.027,0.6391,22.47,1.80,211.66,261.15,,,
1000016,Crommelin,,2452489.5,9.093,0.9193,29.22,195.96,250.96,241.87,,,
1000284,Gale,,2429080.5,4.944,0.7607,11.73,209.16,67.92,1.12,,,
1000043,Herschel-Rigollet,,2429480.5,28.84,0.9740,64.21,29.30,355.98,359.97,,,
1000100,Tuttle-Giacobini-Kresak,,2457857.5,3.085,0.6613,9.23,62.17,141.06,0.23,,,
1000045,Honda-Mrkos-Pajdusakova,,2457979.5,3.026,0.8240,4.25,326.34,88.93,42.26,,,
1000109,Wirtanen,,2458465.5,3.093,0.6588,11.75,356.34,82.16,0.01,,,
1000095,Tempel-Tuttle,,2451040.5,10.34,0.9056,162.49,172.50,235.27,4.98,,,
1000021,"du Toit",,2456961.5,6.023,0.7866,18.67,257.34,22.00,273.48,,,
1000012,Churyumov-Gerasimenko,,2457305.5,3.462,0.6409,7.04,12.80,50.14,8.86,,,662.2e-9
1000020,Denning-Fujikawa,,2457286.5,4.347,0.8205,9.23,338.47,35.44,47.38,,,
1000394,Schwassmann-Wachmann,,2457800.5,3.091,0.6855,11.24,199.39,69.66,354.77,,,
1003776,Schwassmann-Wachmann,,2450080.5,3.067,0.6957,11.42,198.83,69.94,17.81,,,
1000320,Schwassmann-Wachmann,,2453880.5,3.062,0.6933,11.40,198.80,69.89,357.44,,,
1000081,Schwassmann-Wachmann,,2455980.5,3.063,0.6922,11.38,198.87,69.84,23.73,,,
1000324,Schwassmann-Wachmann,,2451920.5,3.062,0.6939,11.41,198.77,69.92,356.79,,,
1002326,Schwassmann-Wachmann,,2453839.5,3.063,0.6934,11.39,198.77,69.91,349.87,,,
1002327,Schwassmann-Wachmann,,2453839.5,3.065,0.6936,11.39,198.77,69.91,349.85,,,
1002336,Schwassmann-Wachmann,,2453815.5,3.044,0.6915,11.38,198.87,69.83,345.31,,,
1002332,Schwassmann-Wachmann,,2453839.5,3.064,0.6935,11.39,198.79,69.90,349.85,,,
1002334,Schwassmann-Wachmann,,2453839.5,3.076,0.6947,11.40,198.75,69.94,349.89,,,
1002331,Schwassmann-Wachmann,,2453839.5,3.068,0.6939,11.39,198.78,69.91,349.87,,,
1002338,Schwassmann-Wachmann,,2453839.5,3.052,0.6923,11.38,198.76,69.90,349.79,,,
1002335,Schwassmann-Wachmann,,2453839.5,3.085,0.6956,11.41,198.72,69.96,350.02,,,
1002333,Schwassmann-Wachmann,,2453839.5,3.118,0.6986,11.42,198.50,70.14,350.21,,,
1002339,Schwassmann-Wachmann,,2453839.5,3.07,0.6941,11.39,198.77,69.91,349.89,,,
1002340,Schwassmann-Wachmann,,2453839.5,3.334,0.6934,11.05,181.56,81.99,350.97,,,
1002341,Schwassmann-Wachmann,,2454375.5,3.061,0.6930,11.40,198.81,69.89,88.38,,,
1002342,Schwassmann-Wachmann,,2453839.5,3.024,0.6894,11.36,198.84,69.83,349.50,,,
1002343,Schwassmann-Wachmann,,2453824.5,3.002,0.6935,11.57,203.11,66.63,346.61,,,
1002344,Schwassmann-Wachmann,,2453834.5,3.112,0.6983,11.42,198.63,70.04,349.15,,,
1002345,Schwassmann-Wachmann,,2453838.5,3.083,0.6954,11.40,198.74,69.94,349.70,,,
1002346,Schwassmann-Wachmann,,2453828.5,3.332,0.7181,11.55,198.01,70.63,349.21,,,
1002348,Schwassmann-Wachmann,,2453830.5,3.073,0.6934,11.34,197.91,70.58,348.24,,,
1002349,Schwassmann-Wachmann,,2453839.5,2.941,0.6806,11.30,199.11,69.57,349.02,,,
1002350,Schwassmann-Wachmann,,2453856.5,3.042,0.6912,11.37,198.82,69.86,352.81,,,
1002351,Schwassmann-Wachmann,,2453856.5,3.083,0.6954,11.41,198.75,69.93,352.96,,,
1002352,Schwassmann-Wachmann,,2453839.5,3.068,0.6934,11.37,198.37,70.22,349.79,,,
1002353,Schwassmann-Wachmann,,2453839.5,3.096,0.6967,11.41,198.71,69.97,349.99,,,
1002354,Schwassmann-Wachmann,,2453839.5,2.908,0.6763,11.24,198.72,69.85,349.26,,,
1002355,Schwassmann-Wachmann,,2453839.5,3.087,0.6958,11.41,198.71,69.96,349.82,,,
1002356,Schwassmann-Wachmann,,2453839.5,3.075,0.6934,11.33,197.74,70.71,349.83,,,
1002357,Schwassmann-Wachmann,,2453836.5,3.111,0.6982,11.43,198.73,69.97,349.45,,,
1002358,Schwassmann-Wachmann,,2453833.5,2.786,0.6624,11.14,199.21,69.39,346.88,,,
1002359,Schwassmann-Wachmann,,2453839.5,3.058,0.6934,11.43,199.33,69.38,349.79,,,
1002360,Schwassmann-Wachmann,,2453839.5,3.128,0.6998,11.44,198.72,69.98,350.13,,,
1002361,Schwassmann-Wachmann,,2453839.5,3.036,0.6934,11.54,201.09,68.12,349.71,,,
1002363,Schwassmann-Wachmann,,2453839.5,3.076,0.6948,11.41,198.80,69.89,349.90,,,
1002364,Schwassmann-Wachmann,,2453839.5,3.072,0.6938,11.33,198.17,70.39,349.96,,,
1002365,Schwassmann-Wachmann,,2453856.5,3.144,0.7014,11.47,198.74,69.97,353.53,,,
1002366,Schwassmann-Wachmann,,2453856.5,3.088,0.6959,11.41,198.77,69.92,353.12,,,
1002367,Schwassmann-Wachmann,,2453839.5,3.087,0.6958,11.41,198.71,69.97,350.22,,,
1002368,Schwassmann-Wachmann,,2453852.5,3.141,0.7011,11.46,198.72,69.98,352.87,,,
1002369,Schwassmann-Wachmann,,2453839.5,3.001,0.6869,11.33,198.81,69.85,349.90,,,
1002370,Schwassmann-Wachmann,,2453839.5,3.058,0.6928,11.38,198.76,69.91,349.84,,,
1002371,Schwassmann-Wachmann,,2453839.5,3.062,0.6934,11.40,198.86,69.87,350.16,,,
1002372,Schwassmann-Wachmann,,2453846.5,2.678,0.6482,10.98,199.09,69.48,349.16,,,
1002373,Schwassmann-Wachmann,,2453839.5,3.05,0.6925,11.43,199.25,69.47,349.55,,,
1002374,Schwassmann-Wachmann,,2453846.5,2.8,0.6640,11.13,199.02,69.59,349.69,,,
1002375,Schwassmann-Wachmann,,2453847.5,2.647,0.6441,10.93,199.04,69.50,349.47,,,
1002376,Schwassmann-Wachmann,,2453839.5,2.961,0.6824,11.27,198.69,69.92,349.64,,,
1002377,Schwassmann-Wachmann,,2453839.5,2.968,0.6824,11.19,197.93,70.47,349.57,,,
1002378,Schwassmann-Wachmann,,2453856.5,3.134,0.7005,11.46,198.75,69.96,353.50,,,
1002379,Schwassmann-Wachmann,,2453839.5,2.979,0.6824,10.97,196.46,71.42,349.81,,,
1002380,Schwassmann-Wachmann,,2453839.5,2.958,0.6824,11.32,199.00,69.69,349.54,,,
1002381,Schwassmann-Wachmann,,2453856.5,2.989,0.6857,11.32,198.81,69.83,352.93,,,
1002382,Schwassmann-Wachmann,,2453839.5,2.98,0.6848,11.32,198.95,69.72,349.31,,,
1002383,Schwassmann-Wachmann,,2453839.5,2.959,0.6824,11.29,198.84,69.80,349.23,,,
1002384,Schwassmann-Wachmann,,2453856.5,2.96,0.6825,11.30,198.91,69.75,352.50,,,
1002385,Schwassmann-Wachmann,,2453839.5,3.041,0.6911,11.37,198.80,69.88,349.65,,,
1002386,Schwassmann-Wachmann,,2453839.5,3.045,0.6915,11.37,198.78,69.90,349.63,,,
1002387,Schwassmann-Wachmann,,2453839.5,3.091,0.6962,11.41,198.70,69.97,349.87,,,
1002388,Schwassmann-Wachmann,,2453839.5,2.959,0.6824,11.29,198.86,69.78,349.15,,,
1002390,Schwassmann-Wachmann,,2453856.5,3.047,0.6918,11.38,198.79,69.88,352.92,,,
1002391,Schwassmann-Wachmann,,2453856.5,3.048,0.6918,11.38,198.77,69.89,352.91,,,
1002392,Schwassmann-Wachmann,,2453856.5,2.96,0.6825,11.29,198.85,69.81,352.57,,,
1002393,Schwassmann-Wachmann,,2453856.5,3.054,0.6925,11.39,198.82,69.87,352.93,,,
1002395,Schwassmann-Wachmann,,2453856.5,2.984,0.6852,11.32,198.84,69.83,353.07,,,
1002396,Schwassmann-Wachmann,,2453856.5,3.115,0.6986,11.44,198.77,69.94,353.59,,,
1003506,Schwassmann-Wachmann,,2457821.5,3.092,0.6856,11.24,199.35,69.66,358.58,,,
1003864,Schwassmann-Wachmann,,2459786.5,2.888,0.6677,11.05,199.85,70.74,354.01,,,
1003865,Schwassmann-Wachmann,,2459790.5,3.134,0.6892,11.24,199.39,69.52,355.38,,,
1003873,Schwassmann-Wachmann,,2459806.5,4.502,0.7778,11.61,198.68,67.33,358.92,,,
1003874,Schwassmann-Wachmann,,2459808.5,3.116,0.6873,11.26,199.38,69.49,358.51,,,
1003875,Schwassmann-Wachmann,,2459807.5,3.034,0.6799,11.20,199.46,69.77,358.45,,,
1000022,"du Toit-Hartley",,2454391.5,3.031,0.5941,2.89,253.27,307.84,318.28,,,
1003790,"du Toit-Hartley",,2445045.5,3.004,0.6023,2.94,251.57,309.38,357.46,,,
1003791,"du Toit-Hartley",,2445018.5,2.981,0.5996,2.94,251.72,309.31,352.17,,,
1000004,Boethin,,2454252.5,5.185,0.7812,4.30,37.62,359.40,313.19,,,
1000061,Machholz,,2457952.5,3.035,0.9592,58.14,14.79,94.25,340.99,,,
1000041,Hartley,,2460146.5,3.475,0.6938,13.61,181.30,219.75,347.29,,,
1000056,Kowal,,2459486.5,3.208,0.6655,5.70,227.25,207.21,342.05,,,
1000140,Swift-Tuttle,,2450000.5,26.09,0.9632,113.45,152.98,139.38,7.63,,,
1000156,"de Vico",,2450280.5,17.68,0.9627,85.38,13.00,79.62,3.77,,,
1003394,Machholz,,2458696.5,3.055,0.7367,13.98,153.62,241.88,267.16,,,
1000152,Machholz,,2450594.5,3.01,0.7505,12.79,149.24,246.16,184.96,,,
1000279,Machholz,,2451425.5,3.009,0.7511,12.81,149.29,246.14,341.69,,,
1003881,Machholz,,2459206.5,3.066,0.7365,13.95,153.57,241.82,1.31,,,
1000096,Tritton,,2458876.5,3.368,0.6275,11.18,157.44,289.43,213.80,,,
1000042,Hartley-IRAS,,2453190.5,7.73,0.8351,95.70,47.09,1.40,343.87,,,
1000525,"Siding Spring",,2455496.5,3.053,0.5961,27.82,356.32,31.24,42.97,,,
1001656,NEAT,,2455087.5,2.606,0.7668,11.30,217.96,176.19,341.65,,,
1000909,Barnard,,2453849.5,24.3,0.9544,31.22,60.45,272.07,358.96,,,
1000136,Shoemaker-Levy,,2456908.5,3.839,0.7073,16.98,333.80,37.68,11.75,,,
1000380,LONEOS,,2453241.5,2.931,0.6663,16.91,51.43,75.10,184.06,,,
1000349,Petriew,,2457129.5,3.1,0.6988,14.00,181.94,214.10,176.38,,,
1000400,NEAT,,2454804.5,2.918,0.5976,20.40,15.31,282.20,98.30,,,
1000441,LINEAR,,2454004.5,2.867,0.6299,25.56,188.75,66.40,238.00,,,
1000921,Barnard-Boattini,,2453922.5,3.234,0.6485,33.20,181.36,204.38,217.44,,,
1000339,NEAT,,2459478.5,3.872,0.7591,10.19,273.00,198.34,248.36,,,
1000487,LINEAR,,2456087.5,2.95,0.6814,21.34,152.63,62.87,225.58,,,
1000440,Christensen,,2455230.5,3.176,0.8317,10.22,345.77,93.87,71.41,,,
1000345,LINEAR,,2455440.5,3.944,0.6896,12.88,246.77,125.62,44.92,,,
1000530,LINEAR,,2454620.5,2.857,0.7268,5.15,345.43,7.13,267.12,,,
1002424,LINEAR,,2456863.5,2.77,0.8187,8.40,64.81,239.85,255.31,,,
1000298,LINEAR,,2457552.5,3.047,0.6731,10.42,343.31,190.95,16.63,,,
1002422,Levy,,2454456.5,3.025,0.6720,18.33,179.59,279.78,82.56,,,
1000154,McNaught-Russell,,2455919.5,6.935,0.8154,29.08,171.17,218.01,341.30,,,
1002435,Gibbs,,2458413.5,3.06,0.5878,11.54,34.57,105.81,71.27,,,
1000765,Pons-Gambart,,2456369.5,32.83,0.9753,136.40,20.19,320.43,0.46,,,
1000750,Blanpain,,2458746.5,3.045,0.6851,5.90,9.85,68.92,342.94,,,
1002493,LINEAR,,2455453.5,3.194,0.5986,18.54,234.17,314.34,141.45,,,
1000567,Catalina,,2458122.5,2.699,0.6916,5.68,222.87,95.69,292.86,,,
1000448,LINEAR,,2453403.5,3.104,0.5983,8.36,0.77,341.50,96.98,,,
1003094,WISE,,2456433.5,2.957,0.5802,11.96,334.74,275.69,203.07,,,
1002993,Catalina-McNaught,,2456545.5,3.573,0.6650,15.07,203.68,111.37,263.69,,,
1000508,McNaught,,2455658.5,3.103,0.6824,4.89,0.67,295.96,73.92,,,
1001745,SOHO,,2453458.5,2.427,0.9807,19.74,172.41,165.27,28.99,,,
1001474,SOHO,,2457179.5,2.516,0.9787,12.59,49.05,359.52,337.76,,,
1002073,SOHO,,2459259.5,2.582,0.9848,5.37,353.17,324.23,6.50,,,
1003986,SOHO,,2459275.5,2.888,0.9843,5.43,354.85,323.70,8.77,,,
1003987,SOHO,,2459275.5,2.61,0.9811,5.26,354.65,324.67,10.31,,,
1003026,Yang-Gao,,2455978.5,3.406,0.6243,16.33,347.00,258.85,157.54,,,
1003435,LINEAR,,2457173.5,4.223,0.7360,131.88,26.15,115.56,324.92,,,
1001542,SOHO,,2457600.5,3.043,0.9826,13.27,58.70,43.40,5.45,,,
1003263,PANSTARRS,,2458898.5,2.878,0.7226,12.15,211.97,46.22,122.02,,,
1003346,Kowalski,,2458382.5,2.906,0.6154,7.28,37.42,354.36,283.35,,,
1003006,Boattini,,2457120.5,4.799,0.7360,8.90,162.78,259.36,208.93,,,
1003292,Lemmon,,2458091.5,3.607,0.6891,9.37,112.29,3.31,199.34,,,
1003467,STEREO,,2459229.5,2.795,0.8117,23.38,210.74,257.79,357.81,,,
1003451,PANSTARRS,,2457495.5,3.022,0.6663,18.92,351.90,180.53,6.09,,,
1003925,NEOWISE,,2459433.5,2.976,0.8253,29.44,215.91,283.72,244.87,,,
1003138,Elenin,,2460007.5,5.62,0.7786,15.39,263.49,295.85,328.31,,,
1000703,Helfenzrieder,,2366200.5,2.665,0.8476,7.87,178.70,76.26,1.15,,,
1000705,Lexell,,2367764.5,3.153,0.7861,1.55,225.02,134.47,-0.01,,,
1000889,Barnard,,2409411.5,3.073,0.5836,5.47,301.05,6.75,1.10,,,
1000927,Swift,,2413430.5,3.729,0.6520,2.99,167.78,171.75,0.50,,,
1000954,Giacobini,,2416955.5,23.56,0.9528,40.07,358.16,158.95,0.13,,,
1000981,Campbell,,2420452.5,7.053,0.9038,76.86,265.28,2.40,5.52,,,
1000985,Mellish,,2421318.5,27.4,0.9931,32.69,121.31,88.67,359.92,,,
1000024,Dubiago,,2422830.5,17.1,0.9347,22.35,97.48,67.13,0.22,,,
1001031,Wilk,,2428609.5,31.97,0.9806,26.01,31.46,58.27,0.13,,,
1001045,Vaisala,,2430440.5,17.61,0.9268,37.86,335.57,172.29,0.45,,,
1001109,Candy,,2437308.5,15.03,0.9303,151.17,138.76,177.29,359.44,,,
1000037,Haneda-Campos,,2443773.5,3.29,0.6652,5.95,240.46,132.25,357.11,,,
1001234,Bradfield,,2447551.5,19.2,0.9781,83.06,194.77,28.44,0.59,,,
1000129,Levy,,2448619.5,13.81,0.9289,19.19,41.48,329.43,3.34,,,
1001439,SOHO,,2454119.5,3.099,0.9842,26.63,21.95,81.60,144.84,,,
1000271,LONEOS,,2451441.5,3.527,0.6508,8.19,219.86,148.45,358.16,,,
1000373,LONEOS,,2452248.5,13.3,0.9253,80.25,116.42,10.56,357.96,,,
1000362,BATTERS,,2452248.5,17.93,0.9414,115.91,142.09,113.36,359.75,,,
1001843,SOHO,,2453575.5,3.216,0.9853,14.12,45.73,13.21,179.91,,,
1001852,SOHO,,2453663.5,3.224,0.9848,13.58,52.17,50.19,191.61,,,
1002004,SOHO,,2456072.5,2.568,0.7762,11.48,217.67,176.47,28.63,,,
1001673,SWAN,,2453667.5,9.324,0.9304,160.04,41.44,25.42,0.47,,,
1002409,"Siding Spring",,2454046.5,7.818,0.8431,31.88,117.41,309.95,357.46,,,
1002480,Kowalski,,2454411.5,3.093,0.7750,9.90,358.55,4.00,8.88,,,
1003317,SOHO,,2455493.5,3.078,0.9788,23.35,146.62,312.57,122.37,,,
1003080,Catalina,,2455174.5,3.08,0.7403,9.59,118.02,31.76,350.32,,,
1003099,WISE,,2455379.5,8.26,0.9042,147.05,214.76,206.47,2.90,,,
1003152,Kowalski,,2455857.5,16.31,0.9316,17.57,192.19,288.07,359.95,,,
1003198,"La Sagra",,2456158.5,8.503,0.8481,84.38,338.41,315.76,2.66,,,
1003369,PANSTARRS,,2457067.5,7.482,0.8459,172.51,249.62,277.08,359.57,,,
1003377,SOHO,,2457073.5,4.989,0.9943,69.62,234.96,95.88,0.02,,,
1003382,SWAN-Xingming,,2457134.5,15.55,0.9777,149.26,13.39,287.74,0.40,,,
1003429,NEOWISE,,2457409.5,19.55,0.9391,155.28,20.40,191.11,1.04,,,
1003554,Leonard,,2458169.5,9.865,0.8707,27.59,67.53,153.87,0.28,,,
1003635,ATLAS,,2458780.5,3.025,0.6485,12.28,332.52,307.60,23.10,,,
1003654,Catalina,,2458846.5,2.998,0.6958,24.64,2.27,139.38,2.95,,,
1003675,ATLAS,,2458952.5,22.64,0.9887,44.82,177.80,120.58,359.56,,,
1003672,Pimentel,,2458973.5,3.603,0.8596,18.47,207.64,240.11,6.86,,,
1003699,ATLAS,,2459179.5,26.82,0.9527,23.47,328.45,71.25,0.22,,,
1003715,,,2459068.5,1.02,0.9092,28.15,171.61,173.43,358.96,,,
1003716,,,2459069.5,1.391,0.9394,37.56,116.42,165.26,0.70,,,
1003811,PANSTARRS,,2459398.5,4.196,0.8102,12.17,46.09,262.40,356.06,,,
1003792,ZTF,,2459402.5,2.977,0.6768,11.51,21.19,301.16,5.84,,,
1003909,ATLAS,,2459463.5,3.746,0.6708,20.02,210.45,99.63,12.35,,,
1003804,ATLAS,,2459474.5,3.285,0.6242,10.73,180.89,239.78,2.91,,,
1003914,ATLAS,,2460127.5,19.33,0.9469,38.31,105.89,164.57,0.01,,,
1003954,Lemmon,,2460300.5,28.47,0.9708,140.50,281.57,233.83,359.81,,,
1004010,Rankin,,2460488.5,2.229,0.6984,10.05,53.71,139.78,21.84,,,
